speed,Irms,phase,Lab_AC_W,json_Hyb_W,json_TS_W,ratio,AF
2000,0.1,18,0.644179216606304,0.635430530251721,NaN,1.01376812403256,NaN
2000,0.1,36,0.634883033796783,0.636193074741066,NaN,0.997940812315795,NaN
2000,0.1,0,0.65093426436589,0.634387732427377,NaN,1.02608267955498,NaN
2000,0.1,54,0.634500082671085,0.636512047632011,NaN,0.996839077958679,NaN
2000,0.1,72,0.654340030430067,0.637048915537494,NaN,1.02714252307923,NaN
2000,0.1,90,0.638902364742582,0.637129251668262,NaN,1.00278297232418,NaN
2000,230.075,0,372.798236010522,373.723357564371,NaN,0.997524581926379,NaN
2000,230.075,18,425.330659227755,423.183446522729,NaN,1.00507395249665,NaN
2000,230.075,36,466.820701891001,464.469159732355,832.656542334197,1.00506285963098,1.79270576934323
2000,230.075,54,484.91769421244,480.810971898874,637.545948871267,1.00854124084845,1.32598044997475
2000,230.075,72,488.689194448987,491.325991634002,522.949128536102,0.994633304099696,1.06436284145467
2000,230.075,90,508.620988902302,510.434506540219,451.207822011381,0.996447110031395,0.883968102136584
2000,460.05,36,1603.6961575,1596.56770158512,3327.61465279278,1.00446486291048,2.08423022054688
2000,460.05,0,1148.96728830106,1148.52459826894,3696.80000489491,1.00038544236039,3.21873820592675
2000,460.05,18,1337.94413354324,1345.70263422962,3484.92158328115,0.994234609869197,2.58966691053271
2000,460.05,54,1826.81665335526,1846.15000198437,2860.16339365731,0.989527747686631,1.54925839752079
2000,460.05,72,1932.60849836854,1910.76581035367,2127.08743426626,1.01143137892488,1.11321200261195
2000,460.05,90,1891.08415387495,1893.01552287203,2284.62681555385,0.998979739482459,1.20687167535091
2000,690.025,0,2116.66086610429,2116.85765338399,7409.89867508139,0.999907038019592,3.50042368849695
2000,690.025,18,2414.18551693799,2421.07062780112,7028.92282657519,0.997156170999696,2.90322915236845
2000,690.025,36,2917.35516135911,2906.35538783171,6828.27129976715,1.00378473106677,2.3494275092288
2000,690.025,54,3568.46723737823,3588.41679240447,6062.46350603097,0.9944405691478,1.68945355479978
2000,690.025,90,3915.12419653281,3913.46454495554,4876.77058493994,1.00042408754652,1.24615172283242
2000,690.025,72,4076.10233506192,4021.5440241635,4831.83123446273,1.01356650842826,1.20148659455935
2000,920,0,3297.70578237546,3297.72565814451,12054.6739201288,0.999993972885827,3.65545080754579
2000,920,18,3660.70402150195,3648.37093320426,11635.8599134079,1.00338043705629,3.18933028643238
2000,920,36,4232.19179909896,4260.9286078281,11093.5456487423,0.993255740385712,2.60355116684222
2000,920,54,5272.61102133593,5206.70256984169,9773.73122597136,1.01265838611101,1.87714414158835
4000,0.1,0,2.60373705746356,2.5372358229695,7.5819676931285,1.02621011176495,2.98827867102034
4000,0.1,18,2.57671686642521,2.54203883769764,7.57754600098704,1.01364181703808,2.98089308810487
2000,920,72,6373.63873526422,6407.55055990677,8299.58810200003,0.994707521333543,1.29528249904606
2000,920,90,6458.18712881712,6457.95889167017,8580.31945136954,1.00003534199439,1.32864262459721
4000,0.1,36,2.53953213518713,2.54449412316587,7.57305417129623,0.998049911794426,2.97625139014816
4000,0.1,72,2.61736012172027,2.54737685758193,7.56748083615165,1.02747267799424,2.9706954483896
4000,0.1,54,2.53800033068434,2.54615876860857,7.56974476868841,0.996795785861897,2.973005792889
4000,0.1,90,2.55560945897033,2.54720727480553,7.56628407478445,1.00329858674946,2.97042339256122
4000,230.075,0,1491.19294404209,1495.11148951519,3162.43727283876,0.997379094802908,2.11518491765736
4000,230.075,18,1701.32263691102,1692.86660625964,3108.66198049493,1.00499509566797,1.83633014497431
4000,230.075,36,1867.28280756401,1857.98399989133,2777.63723572633,1.00500478350364,1.49497371123152
4000,230.075,54,1939.67077684976,1923.27582923066,2192.79022699114,1.00852449106359,1.14013299271186
4000,230.075,72,1954.75677779595,1965.32997455022,1863.98903337737,0.994620141710966,0.948435660939819
4000,460.05,0,4595.86915320423,4595.08150445013,12263.2258820264,1.00017141126949,2.66877222311509
4000,230.075,90,2034.48395560921,2041.8029593344,1687.79739106844,0.996415421139571,0.826621091595753
4000,460.05,18,5351.77653417295,5383.80966623203,11562.4792930428,0.994050099456524,2.14763894154063
4000,460.05,36,6414.78463,6387.00992302682,11076.3787394247,1.00434862436538,1.73420409125896
4000,460.05,54,7307.26661342105,7385.12380946715,9752.92751938556,0.989457563873703,1.32061801142495
4000,460.05,72,7730.43399347415,7643.16778261978,7579.70990283816,1.01141754483695,0.991697437294792
4000,460.05,90,7564.3366154998,7571.96885134215,7722.45065308792,0.998992040776687,1.01987353681719
4000,690.025,0,8466.64346441716,8468.75157750641,24511.5560947918,0.999751071563506,2.8943529480657
4000,690.025,18,9656.74206775198,9685.65460632444,23339.3413099188,0.997014911253021,2.40968135438971
4000,690.025,36,11669.4206454365,11626.311302117,22726.8691855658,1.00370791235494,1.95477900040639
4000,690.025,54,14273.8689495129,14354.1974488121,20622.7202359625,0.99440383207869,1.43670311833903
4000,690.025,72,16304.4093402477,16086.3910958935,16789.7085557474,1.01355296182062,1.04372127071021
4000,690.025,90,15660.4967861313,15653.8690813936,16655.9948072313,1.00042339083732,1.06401776587163
4000,920,0,13190.8231295018,13191.0509543917,40021.2709653559,0.999982728829518,3.0339713722379
4000,920,18,14642.8160860078,14593.7144919385,38617.017648807,1.00336457137739,2.64614040997848
4000,920,36,16928.7671963958,17045.5929768,36968.7121645329,0.993146276544139,2.16881350005538
4000,920,54,21090.4440853437,20829.3775517386,33100.7913086813,1.01253357345685,1.58913972472108
4000,920,72,25494.5549410569,25632.6832751564,28526.2149847317,0.994611241725388,1.11288446388989
4000,920,90,25832.7485152685,25831.0069197232,29440.0880378788,1.00006742267348,1.1397189482149
8000,0.1,0,9.80892353362291,9.5548598342381,20.8310195977474,1.02658999752926,2.18014915541756
8000,0.1,18,9.70713176974288,9.5766793438833,20.8233716036138,1.01362188512064,2.17438329674407
8000,0.1,36,9.56704766090895,9.58896042459539,20.8114699851701,0.997714792561847,2.17035727165891
8000,0.1,54,9.56127697327623,9.59501347377669,20.8035362607778,0.996483954859192,2.16816123475326
8000,0.1,72,9.86024499682697,9.59487625011853,20.7942102752272,1.02765733916632,2.16722026768926
8000,0.1,90,9.62761492869915,9.60230500149836,20.7936574970558,1.00263581787882,2.16548604671598
8000,230.075,0,5617.69381438071,5658.748300734,9444.39001035033,0.992744952740173,1.66898923727095
8000,230.075,18,6409.30450471013,6404.84924854228,9405.35062981699,1.00069560671843,1.46847338084618
8000,230.075,36,7034.51764552857,7026.36323566973,8706.51137251162,1.00116054487725,1.23912059204576
8000,230.075,54,7307.22108670088,7271.65413532051,7329.01072118442,1.00489117753932,1.00788769443603
8000,230.075,72,7364.05379539747,7430.06678651122,6581.35057172306,0.991115424260574,0.885772734058199
8000,230.075,90,7664.40585609428,7718.59932521084,6228.4018202201,0.992978846700909,0.806934206297846
8000,460.05,0,17313.7794252665,17422.0183206101,36020.4740587549,0.993787235591668,2.0675258971656
8000,460.05,18,20161.4700848012,20393.7467328679,34873.1848651929,0.988610398515328,1.70999401541988
8000,460.05,36,24166.0853349091,24171.4227935308,34203.425183776,0.999779183101166,1.41503565908955
8000,460.05,54,27528.2864087154,27929.7270775167,31464.7175505185,0.985626760057943,1.12656731171023
8000,460.05,72,29122.4629254901,28900.035273199,26439.1236946319,1.00769644916307,0.914847454153482
8000,460.05,90,28496.7328906482,28629.9627749659,26242.8742968158,0.995346487686175,0.916622718062442
8000,690.025,0,31895.9466705207,32148.8187416703,71441.5235800631,0.992134327759238,2.22221301983525
8000,690.025,18,36379.3433960543,36733.6036039562,69530.9028248296,0.990355963664186,1.89284186693138
8000,690.025,36,43961.6029831648,44042.754589968,69124.8112925779,0.998157435710851,1.56949336925268
8000,690.025,54,53773.2059592526,54317.1333441772,65584.7858137813,0.989986080791893,1.20744195755338
8000,690.025,72,61422.7554279893,60841.9275553776,56826.5933289803,1.00954650675857,0.934003829468706
8000,690.025,90,58996.9770693171,59207.0724228312,56435.7245178526,0.996451515926785,0.953192282753201
8000,920,0,49693.1036303917,50116.561327254,116293.797467515,0.991550543659667,2.32046641644333
8000,920,18,55163.1213654393,55405.1293320761,113691.798960227,0.995632029569206,2.05200854741812
8000,920,36,63774.8663875114,64641.4621804209,111099.940945945,0.98659380893194,1.71871020856325
8000,920,54,79452.9358217199,78901.1789419239,103845.584998046,1.00699301185603,1.31614744406396
8000,920,72,96044.3141613484,96999.2418707353,94590.3318751442,0.990155307495502,0.975165682234906
8000,920,90,97318.3732678527,97722.3780192108,99027.9956782369,0.995865790829623,1.01336047776866
16000,0.1,0,27.7438253870603,27.0282066332892,47.246269762998,1.02647673830086,1.74803568745872
16000,0.1,18,27.4559148010263,27.0771196825948,47.2301087075706,1.01398949086431,1.74428112226169
16000,0.1,36,27.0596971078545,27.1099699094224,47.2137262048989,0.998145597293693,1.74156320949988
16000,0.1,54,27.0433751384256,27.1246858058668,47.2295681668764,0.997002336984727,1.74120240525186
16000,0.1,72,27.8889844056683,27.1340982470026,47.2178290879189,1.0278205729114,1.74016577437339
16000,0.1,90,27.231007210944,27.1713847672344,47.2009620437762,1.00219431008837,1.73715702928381
16000,230.075,0,15889.2375631133,16537.7218399482,24589.1496831092,0.960787568982539,1.48685229568393
16000,230.075,18,18128.2507118801,18646.0502290134,25546.9618801925,0.972230069597923,1.37010045379162
16000,230.075,36,19896.6205181187,20402.9282771294,25182.9821485291,0.975184554288796,1.23428273659904
16000,230.075,54,20667.9423281421,21097.5992338502,23143.3508351253,0.979634796312808,1.09696608503174
16000,230.075,72,20828.6895029923,21545.8869747196,21997.7232650288,0.966713021721094,1.0209708837162
16000,230.075,90,21678.2134184406,22363.1915018766,21519.4159148471,0.969370289416047,0.962269446784522
16000,460.05,0,48970.7633582963,51417.4471748852,88607.2641896621,0.952415299649805,1.72329178242327
16000,460.05,18,57025.2488626106,59828.5337158444,91479.3573244588,0.953144683997305,1.5290255609295
16000,460.05,36,68352.0112601881,70509.7446958553,94956.3147970966,0.969398081854152,1.34671193615424
16000,460.05,54,77861.7519761925,81131.4624013954,93762.3727534121,0.959698613479613,1.15568449006288
16000,460.05,72,82370.7640778714,83863.5901199421,86850.5871917403,0.982199354452442,1.03561732889715
16000,460.05,90,80600.9322745564,83100.8781450534,NaN,0.969916733417265,NaN
16000,690.025,0,90215.3607323586,95734.1110712754,171414.489271585,0.942353354753479,1.79052677622885
16000,690.025,18,102896.321641856,108704.15106839,176472.091453341,0.946572146790605,1.62341630672701
16000,690.025,36,124342.190324906,129374.512200006,185613.770153472,0.961102679426377,1.43470121739685
16000,690.025,54,152093.594319714,158447.498635347,190204.818578002,0.959898992597818,1.20042802957554
16000,690.025,72,173729.787529176,176867.166979846,182047.104224858,0.982261380084031,1.02928716128303
16000,690.025,90,166868.650220886,172215.534545944,81693.2828231436,0.968952369255446,0.474366514255131
16000,920,0,140553.322221023,150258.924790995,274861.217901594,0.935407480231395,1.82925053060187
16000,920,18,156024.868755675,165223.010831193,280531.312020391,0.944328928342093,1.69789492764424
16000,920,36,180382.561967501,191351.160068513,289131.705873805,0.942678172961772,1.51100053833111
16000,920,54,224726.838818871,231702.704635054,293364.793179756,0.969893032421997,1.26612589025158
16000,920,72,271654.343351603,282886.933810669,295308.363527458,0.96029300361188,1.04390952084448
16000,920,90,275257.926686969,284852.764471518,316561.835620507,0.966316501079602,1.11131740710966
